"","Beta_SNP","Beta_SNP_SE","Zratio","Df","Sum_Sq","Wald_stat","Pr","SNP_ID","CHROM","POS","trait","REF","ALT","AF"
"1",0.43751068927055,0.0957529257184283,4.56916262336565,1,31.8522875745919,47.5614997262277,5.33051380813276e-12,"S1_23484417","1",23484417,"TCICHK","C","G",0.91867374005305
"2",0.311105095576282,0.0827570495312886,3.75925794042065,1,19.6940913098146,30.3123232599066,3.6778182832542e-08,"S10_2818573","10",2818573,"TCICHK","T","A",0.902732095490716
"3",-0.274023486441621,0.0699396782579405,-3.91799752682606,1,15.3506220857915,25.491977620494,4.44226209150855e-07,"S13_25853831","13",25853831,"TCICHK","C","T",0.190198938992042
"4",0.348495418175594,0.0849271903906524,4.10346105378698,1,13.8284811221099,21.93894040278,2.81464259210829e-06,"S6_3256937","6",3256937,"TCICHK","G","C",0.0595888594164456
"5",-0.328548361312276,0.0898788721728494,-3.65545709875434,1,12.5823957857999,21.2556700420095,4.01919695003361e-06,"S8_4041610","8",4041610,"TCICHK","T","G",0.0972015915119363
"6",-0.267402117610971,0.0707252285708691,-3.78085900907376,1,13.2040743044397,20.7119621515687,5.338147915257e-06,"S14_20084642","14",20084642,"TCICHK","G","A",0.117135278514589
"7",-0.208880702139021,0.0592946824630399,-3.52275606280921,1,12.2763547789064,19.5866739340697,9.61374187258279e-06,"S12_29160238","12",29160238,"TCICHK","G","A",0.245809018567639
"8",0.275048190150699,0.077357813525148,3.55553211261956,1,19.4328405804498,38.118794772999,6.65658417275949e-10,"S1_23484417","1",23484417,"TCHART","C","G",0.91867374005305
"9",0.226074820222902,0.0636086916209433,3.55414982546924,1,10.5442402481567,22.1228992217924,2.55740831733853e-06,"S9_29297447","9",29297447,"TCHART","G","C",0.865543766578249
"10",0.255018722676589,0.0711689366737626,3.58328695910677,1,10.2103763385505,22.0933853084337,2.59703091676222e-06,"S13_26172533","13",26172533,"TCHART","A","T",0.0787135278514589
"11",-0.340269117522603,0.0874366352414385,-3.89160809519967,1,10.2845523015214,20.6274882980626,5.57893148456223e-06,"S2_11740114","2",11740114,"TCHART","G","A",0.0590450928381963
"12",-0.325623583521545,0.0839912309200039,-3.87687595424908,1,10.5038384495197,21.1648568029018,4.21421602569971e-06,"S7_26672769","7",26672769,"DM","A","G",0.0864854111405835
"13",-0.322642141842672,0.0717449701220807,-4.49706984745644,1,8.57056149630827,19.0521105194581,1.27197021206893e-05,"S3_3292443","3",3292443,"DM","A","T",0.162440318302387
"14",0.280319507087065,0.0706142447315968,3.96973030232857,1,42.4574612800661,22.9950689984016,1.62417455906727e-06,"S2_8187652","2",8187652,"SPRTPERC","T","C",0.250331564986737
"15",-0.181464186856073,0.0603430893885655,-3.00720743161783,1,38.1572549073848,20.3025325610567,6.61130160939383e-06,"S16_26935369","16",26935369,"SPRTPERC","T","A",0.457493368700265
"16",-0.49827135179788,0.131705523684664,-3.78322288889618,1,31.0939518292246,19.9223560027808,8.06516862483786e-06,"S14_10617899","14",10617899,"CMD3I","G","A",0.60893899204244
