"","SNP_ID","pvalue","BetaSNP_TCICHK","BetaSNP_TCICHK.se","BetaSNP_DM","BetaSNP_DM.se","EffectDirection","REF","ALT","AF","PVE_TCICHK","PVE_DM","PCE_cov"
"1","S1_23484417","8.81e-06 **",0.424,0.093,-0.217,0.101,"+/-","C","G",0.92,3.438,1.067,3.055
"2","S10_2963170","1.17e-05 **",-0.316,0.069,0.145,0.076,"-/+","A","C",0.13,2.868,0.716,2.287
"3","S3_3292443","4.76e-05 *",-0.022,0.072,-0.31,0.071,"-/-","A","T",0.16,0.017,3.958,-0.418
"4","S6_3256937","6.38e-05 *",0.37,0.084,-0.056,0.088,"+/-","G","C",0.06,1.969,0.053,0.514
"5","S13_25853831","2.00e-04 *",-0.283,0.069,0.067,0.071,"-/+","C","T",0.19,3.159,0.212,1.304
"6","S17_20165942","2.66e-04 *",0.249,0.076,0.143,0.08,"+/+","C","A",0.12,1.673,0.649,-1.662
"7","S13_23763339","2.82e-04 *",-0.217,0.058,0.116,0.06,"-/+","A","G",0.29,2.502,0.845,2.319
"8","S5_22756786","2.84e-04 *",0.105,0.046,-0.169,0.047,"+/-","A","T",0.76,0.526,1.59,1.459
"9","S3_294409","3.12e-04 *",-0.254,0.083,0.266,0.091,"-/+","T","A",0.08,1.164,1.51,2.114
"10","S2_2073445","3.43e-04 *",0.249,0.064,0.027,0.071,"+/+","C","A",0.82,2.399,0.033,-0.452
"11","S6_23101017","3.79e-04 *",-0.368,0.094,0.004,0.102,"-/+","T","G",0.06,1.979,0,0.038
"12","S17_17210448","5.47e-04 *",-0.411,0.106,0.073,0.108,"-/+","C","A",0.06,2.624,0.098,0.81
"13","S2_8411339","5.65e-04 *",-0.065,0.062,-0.224,0.064,"-/-","A","G",0.21,0.181,2.553,-1.085
"14","S10_20300591","5.80e-04 *",0.164,0.05,-0.127,0.051,"+/-","T","A",0.85,0.875,0.617,1.173
"15","S12_5428221","6.55e-04 *",-0.013,0.053,0.205,0.054,"-/+","C","A",0.38,0.009,2.993,0.268
"16","S18_6776129","7.33e-04 *",0.131,0.073,0.219,0.074,"+/+","A","C",0.15,0.542,1.796,-1.574
"17","S5_1950967","8.67e-04 *",-0.248,0.09,-0.199,0.102,"-/-","T","G",0.08,1.153,0.872,-1.6
